{"cameraMode":{"drawMode":0,"name":"Shaded","section":"Shading Mode"},"sceneLighting":false,"audioPlay":false,"sceneViewState":{"showFog":true,"showMaterialUpdate":false,"showSkybox":false,"showFlares":true,"showImageEffects":true,"showParticleSystems":true},"in2DMode":false,"pivot":{"x":-5.960464477539063e-8,"y":0.6717382073402405,"z":0.0},"rotation":{"x":0.09521381556987763,"y":-0.2869300842285156,"z":0.028678109869360925,"w":0.9528173804283142},"size":3.129244089126587,"orthographic":false}