{"cameraMode":{"drawMode":0,"name":"Shaded","section":"Shading Mode"},"sceneLighting":false,"audioPlay":false,"sceneViewState":{"showFog":true,"showMaterialUpdate":false,"showSkybox":false,"showFlares":true,"showImageEffects":true,"showParticleSystems":true},"in2DMode":false,"pivot":{"x":0.37153318524360659,"y":0.7900487184524536,"z":0.04474977031350136},"rotation":{"x":0.1574462652206421,"y":0.008586634881794453,"z":-0.001369453384540975,"w":0.9874916076660156},"size":15.864970207214356,"orthographic":false}