{"cameraMode":{"drawMode":0,"name":"Shaded","section":"Shading Mode"},"sceneLighting":true,"audioPlay":false,"sceneViewState":{"showFog":true,"showMaterialUpdate":false,"showSkybox":true,"showFlares":true,"showImageEffects":true,"showParticleSystems":true},"in2DMode":false,"pivot":{"x":2.011770725250244,"y":-0.906457781791687,"z":15.84876823425293},"rotation":{"x":0.1574462652206421,"y":0.008586634881794453,"z":-0.001369453384540975,"w":0.9874916076660156},"size":33.60878372192383,"orthographic":false}